"DESCRIPTION","DURATION IN MS","NAME","PARENT SUITE","START TIME","STATUS","STOP TIME","SUB SUITE","SUITE","TEST CLASS","TEST METHOD"
"","6","GetByIdAsync_EmptyId_ThrowsArgumentExceptionWithoutOpeningConnection","TripSplit.DataAccess.Tests","2026-10-06","passed","2026-10-06","TripRepositoryUnitTests","TripSplit.DataAccess.Tests.Repositories","TripSplit.DataAccess.Tests.Repositories.TripRepositoryUnitTests","GetByIdAsync_EmptyId_ThrowsArgumentExceptionWithoutOpeningConnection"
"","7","GetAllAsync_MultipleTrips_AttachesEachTripsOwnParticipants","TripSplit.DataAccess.Tests","2026-10-06","passed","2026-10-06","TripRepositoryUnitTests","TripSplit.DataAccess.Tests.Repositories","TripSplit.DataAccess.Tests.Repositories.TripRepositoryUnitTests","GetAllAsync_MultipleTrips_AttachesEachTripsOwnParticipants"
"","5","ToDbStatus_KnownValues_MapsToExpectedString","TripSplit.DataAccess.Tests","2026-10-06","passed","2026-10-06","TripMapperTests","TripSplit.DataAccess.Tests.Mapping","TripSplit.DataAccess.Tests.Mapping.TripMapperTests","ToDbStatus_KnownValues_MapsToExpectedString"
"","5","GetByIdAsync_NoMatchingRow_ReturnsNull","TripSplit.DataAccess.Tests","2026-10-06","passed","2026-10-06","ExpenseRepositoryUnitTests","TripSplit.DataAccess.Tests.Repositories","TripSplit.DataAccess.Tests.Repositories.ExpenseRepositoryUnitTests","GetByIdAsync_NoMatchingRow_ReturnsNull"
"","12","GetByIdAsync_RowExists_ReturnsMappedUser","TripSplit.DataAccess.Tests","2026-10-06","passed","2026-10-06","UserRepositoryUnitTests","TripSplit.DataAccess.Tests.Repositories","TripSplit.DataAccess.Tests.Repositories.UserRepositoryUnitTests","GetByIdAsync_RowExists_ReturnsMappedUser"
"","4","GetByTripAsync_EmptyTripId_ThrowsArgumentException","TripSplit.DataAccess.Tests","2026-10-06","passed","2026-10-06","ExpenseRepositoryUnitTests","TripSplit.DataAccess.Tests.Repositories","TripSplit.DataAccess.Tests.Repositories.ExpenseRepositoryUnitTests","GetByTripAsync_EmptyTripId_ThrowsArgumentException"
"","2","DeleteAsync_RowAffected_CompletesSuccessfully","TripSplit.DataAccess.Tests","2026-10-06","passed","2026-10-06","UserRepositoryUnitTests","TripSplit.DataAccess.Tests.Repositories","TripSplit.DataAccess.Tests.Repositories.UserRepositoryUnitTests","DeleteAsync_RowAffected_CompletesSuccessfully"
"","2","GetByIdAsync_NoMatchingTrip_ReturnsNull","TripSplit.DataAccess.Tests","2026-10-06","passed","2026-10-06","TripRepositoryUnitTests","TripSplit.DataAccess.Tests.Repositories","TripSplit.DataAccess.Tests.Repositories.TripRepositoryUnitTests","GetByIdAsync_NoMatchingTrip_ReturnsNull"
"","15","AddAsync_Null_ThrowsArgumentNullException","TripSplit.DataAccess.Tests","2026-10-06","passed","2026-10-06","ReceiptRepositoryUnitTests","TripSplit.DataAccess.Tests.Repositories","TripSplit.DataAccess.Tests.Repositories.ReceiptRepositoryUnitTests","AddAsync_Null_ThrowsArgumentNullException"
"","108","InitializeAsync_CalledTwice_IsIdempotentAndRunsEachTime","TripSplit.DataAccess.Tests","2026-10-06","passed","2026-10-06","DatabaseInitializerTests","TripSplit.DataAccess.Tests.Infrastructure","TripSplit.DataAccess.Tests.Infrastructure.DatabaseInitializerTests","InitializeAsync_CalledTwice_IsIdempotentAndRunsEachTime"
"","56","Map_MissingColumn_ThrowsIndexOutOfRangeException","TripSplit.DataAccess.Tests","2026-10-06","passed","2026-10-06","UserMapperTests","TripSplit.DataAccess.Tests.Mapping","TripSplit.DataAccess.Tests.Mapping.UserMapperTests","Map_MissingColumn_ThrowsIndexOutOfRangeException"
"","6","GetByUserAsync_UserHasTrips_ReturnsThem","TripSplit.DataAccess.Tests","2026-10-06","passed","2026-10-06","TripRepositoryUnitTests","TripSplit.DataAccess.Tests.Repositories","TripSplit.DataAccess.Tests.Repositories.TripRepositoryUnitTests","GetByUserAsync_UserHasTrips_ReturnsThem"
"","124","DeleteAsync_RowAffected_CompletesSuccessfully","TripSplit.DataAccess.Tests","2026-10-06","passed","2026-10-06","ReceiptImageRepositoryUnitTests","TripSplit.DataAccess.Tests.Repositories","TripSplit.DataAccess.Tests.Repositories.ReceiptImageRepositoryUnitTests","DeleteAsync_RowAffected_CompletesSuccessfully"
"","27","AddAsync_ValidUser_ExecutesInsertWithAllParameters","TripSplit.DataAccess.Tests","2026-10-06","passed","2026-10-06","UserRepositoryUnitTests","TripSplit.DataAccess.Tests.Repositories","TripSplit.DataAccess.Tests.Repositories.UserRepositoryUnitTests","AddAsync_ValidUser_ExecutesInsertWithAllParameters"
"","1","AddAsync_Valid_ExecutesInsert","TripSplit.DataAccess.Tests","2026-10-06","passed","2026-10-06","ReceiptImageRepositoryUnitTests","TripSplit.DataAccess.Tests.Repositories","TripSplit.DataAccess.Tests.Repositories.ReceiptImageRepositoryUnitTests","AddAsync_Valid_ExecutesInsert"
"","1","GetByEmailAsync_BlankEmail_ThrowsArgumentException","TripSplit.DataAccess.Tests","2026-10-06","passed","2026-10-06","UserRepositoryUnitTests","TripSplit.DataAccess.Tests.Repositories","TripSplit.DataAccess.Tests.Repositories.UserRepositoryUnitTests","GetByEmailAsync_BlankEmail_ThrowsArgumentException"
"","0","ToDbType_EachEnumValue_RoundTripsThroughReadRow","TripSplit.DataAccess.Tests","2026-10-06","passed","2026-10-06","ExpenseMapperTests","TripSplit.DataAccess.Tests.Mapping","TripSplit.DataAccess.Tests.Mapping.ExpenseMapperTests","ToDbType_EachEnumValue_RoundTripsThroughReadRow"
"","11","UploadAsync_Valid_CallsPutObjectWithBucketAndKey","TripSplit.DataAccess.Tests","2026-10-06","passed","2026-10-06","S3FileStorageServiceTests","TripSplit.DataAccess.Tests.Storage","TripSplit.DataAccess.Tests.Storage.S3FileStorageServiceTests","UploadAsync_Valid_CallsPutObjectWithBucketAndKey"
"","120","AddAsync_Valid_InsertsTripAndReplacesParticipants","TripSplit.DataAccess.Tests","2026-10-06","passed","2026-10-06","TripRepositoryUnitTests","TripSplit.DataAccess.Tests.Repositories","TripSplit.DataAccess.Tests.Repositories.TripRepositoryUnitTests","AddAsync_Valid_InsertsTripAndReplacesParticipants"
"","17","UploadAsync_S3Throws_WrapsIntoStorageException","TripSplit.DataAccess.Tests","2026-10-06","passed","2026-10-06","S3FileStorageServiceTests","TripSplit.DataAccess.Tests.Storage","TripSplit.DataAccess.Tests.Storage.S3FileStorageServiceTests","UploadAsync_S3Throws_WrapsIntoStorageException"
"","19","GetByIdAsync_RowExists_ReturnsMappedExpenseWithConsumers","TripSplit.DataAccess.Tests","2026-10-06","passed","2026-10-06","ExpenseRepositoryUnitTests","TripSplit.DataAccess.Tests.Repositories","TripSplit.DataAccess.Tests.Repositories.ExpenseRepositoryUnitTests","GetByIdAsync_RowExists_ReturnsMappedExpenseWithConsumers"
"","4","GetByIdAsync_NoMatchingRow_ReturnsNull","TripSplit.DataAccess.Tests","2026-10-06","passed","2026-10-06","ReceiptRepositoryUnitTests","TripSplit.DataAccess.Tests.Repositories","TripSplit.DataAccess.Tests.Repositories.ReceiptRepositoryUnitTests","GetByIdAsync_NoMatchingRow_ReturnsNull"
"","6","AddAsync_Null_ThrowsArgumentNullException","TripSplit.DataAccess.Tests","2026-10-06","passed","2026-10-06","ExpenseRepositoryUnitTests","TripSplit.DataAccess.Tests.Repositories","TripSplit.DataAccess.Tests.Repositories.ExpenseRepositoryUnitTests","AddAsync_Null_ThrowsArgumentNullException"
"","49","ToDomain_BuildsExpenseWithGivenConsumers","TripSplit.DataAccess.Tests","2026-10-06","passed","2026-10-06","ExpenseMapperTests","TripSplit.DataAccess.Tests.Mapping","TripSplit.DataAccess.Tests.Mapping.ExpenseMapperTests","ToDomain_BuildsExpenseWithGivenConsumers"
"","6","DeleteAsync_NoRowAffected_ThrowsEntityNotFoundException","TripSplit.DataAccess.Tests","2026-10-06","passed","2026-10-06","TripRepositoryUnitTests","TripSplit.DataAccess.Tests.Repositories","TripSplit.DataAccess.Tests.Repositories.TripRepositoryUnitTests","DeleteAsync_NoRowAffected_ThrowsEntityNotFoundException"
"","14","DeleteAsync_Valid_CallsDeleteObjectWithBucketAndKey","TripSplit.DataAccess.Tests","2026-10-06","passed","2026-10-06","S3FileStorageServiceTests","TripSplit.DataAccess.Tests.Storage","TripSplit.DataAccess.Tests.Storage.S3FileStorageServiceTests","DeleteAsync_Valid_CallsDeleteObjectWithBucketAndKey"
"","20","Map_ValidRow_ReturnsReceiptWithAllFields","TripSplit.DataAccess.Tests","2026-10-06","passed","2026-10-06","ReceiptMapperTests","TripSplit.DataAccess.Tests.Mapping","TripSplit.DataAccess.Tests.Mapping.ReceiptMapperTests","Map_ValidRow_ReturnsReceiptWithAllFields"
"","3","Map_CurrencyPaddedByFixedWidthColumn_IsTrimmed","TripSplit.DataAccess.Tests","2026-10-06","passed","2026-10-06","TripMapperTests","TripSplit.DataAccess.Tests.Mapping","TripSplit.DataAccess.Tests.Mapping.TripMapperTests","Map_CurrencyPaddedByFixedWidthColumn_IsTrimmed"
"","2","UpdateAsync_Null_ThrowsArgumentNullException","TripSplit.DataAccess.Tests","2026-10-06","passed","2026-10-06","ExpenseRepositoryUnitTests","TripSplit.DataAccess.Tests.Repositories","TripSplit.DataAccess.Tests.Repositories.ExpenseRepositoryUnitTests","UpdateAsync_Null_ThrowsArgumentNullException"
"","7","GetByEmailAsync_BlankEmail_ThrowsArgumentException","TripSplit.DataAccess.Tests","2026-10-06","passed","2026-10-06","UserRepositoryUnitTests","TripSplit.DataAccess.Tests.Repositories","TripSplit.DataAccess.Tests.Repositories.UserRepositoryUnitTests","GetByEmailAsync_BlankEmail_ThrowsArgumentException"
"","10","AddAsync_Valid_InsertsExpenseAndConsumers","TripSplit.DataAccess.Tests","2026-10-06","passed","2026-10-06","ExpenseRepositoryUnitTests","TripSplit.DataAccess.Tests.Repositories","TripSplit.DataAccess.Tests.Repositories.ExpenseRepositoryUnitTests","AddAsync_Valid_InsertsExpenseAndConsumers"
"","4","AddAsync_Null_ThrowsArgumentNullException","TripSplit.DataAccess.Tests","2026-10-06","passed","2026-10-06","ReceiptImageRepositoryUnitTests","TripSplit.DataAccess.Tests.Repositories","TripSplit.DataAccess.Tests.Repositories.ReceiptImageRepositoryUnitTests","AddAsync_Null_ThrowsArgumentNullException"
"","10","DeleteAsync_NoRowAffected_ThrowsEntityNotFoundException","TripSplit.DataAccess.Tests","2026-10-06","passed","2026-10-06","ReceiptRepositoryUnitTests","TripSplit.DataAccess.Tests.Repositories","TripSplit.DataAccess.Tests.Repositories.ReceiptRepositoryUnitTests","DeleteAsync_NoRowAffected_ThrowsEntityNotFoundException"
"","7","GetPresignedUrlAsync_S3Throws_WrapsIntoStorageException","TripSplit.DataAccess.Tests","2026-10-06","passed","2026-10-06","S3FileStorageServiceTests","TripSplit.DataAccess.Tests.Storage","TripSplit.DataAccess.Tests.Storage.S3FileStorageServiceTests","GetPresignedUrlAsync_S3Throws_WrapsIntoStorageException"
"","8","UpdateAsync_NoRowAffected_ThrowsEntityNotFoundException","TripSplit.DataAccess.Tests","2026-10-06","passed","2026-10-06","TripRepositoryUnitTests","TripSplit.DataAccess.Tests.Repositories","TripSplit.DataAccess.Tests.Repositories.TripRepositoryUnitTests","UpdateAsync_NoRowAffected_ThrowsEntityNotFoundException"
"","20","ReadRow_WithReceiptId_MapsReceiptId","TripSplit.DataAccess.Tests","2026-10-06","passed","2026-10-06","ExpenseMapperTests","TripSplit.DataAccess.Tests.Mapping","TripSplit.DataAccess.Tests.Mapping.ExpenseMapperTests","ReadRow_WithReceiptId_MapsReceiptId"
"","103","ToDbStatus_KnownValues_MapsToExpectedString","TripSplit.DataAccess.Tests","2026-10-06","passed","2026-10-06","TripMapperTests","TripSplit.DataAccess.Tests.Mapping","TripSplit.DataAccess.Tests.Mapping.TripMapperTests","ToDbStatus_KnownValues_MapsToExpectedString"
"","118","Map_MinimalNonZeroFileSize_IsPreservedExactly","TripSplit.DataAccess.Tests","2026-10-06","passed","2026-10-06","ReceiptImageMapperTests","TripSplit.DataAccess.Tests.Mapping","TripSplit.DataAccess.Tests.Mapping.ReceiptImageMapperTests","Map_MinimalNonZeroFileSize_IsPreservedExactly"
"","5","DeleteAsync_EmptyId_ThrowsArgumentException","TripSplit.DataAccess.Tests","2026-10-06","passed","2026-10-06","ExpenseRepositoryUnitTests","TripSplit.DataAccess.Tests.Repositories","TripSplit.DataAccess.Tests.Repositories.ExpenseRepositoryUnitTests","DeleteAsync_EmptyId_ThrowsArgumentException"
"","125","UpdateAsync_RowAffected_ReplacesConsumers","TripSplit.DataAccess.Tests","2026-10-06","passed","2026-10-06","ExpenseRepositoryUnitTests","TripSplit.DataAccess.Tests.Repositories","TripSplit.DataAccess.Tests.Repositories.ExpenseRepositoryUnitTests","UpdateAsync_RowAffected_ReplacesConsumers"
"","19","UpdateAsync_RowAffected_CompletesSuccessfully","TripSplit.DataAccess.Tests","2026-10-06","passed","2026-10-06","UserRepositoryUnitTests","TripSplit.DataAccess.Tests.Repositories","TripSplit.DataAccess.Tests.Repositories.UserRepositoryUnitTests","UpdateAsync_RowAffected_CompletesSuccessfully"
"","2","GetByEmailAsync_RowExists_ReturnsMappedUser","TripSplit.DataAccess.Tests","2026-10-06","passed","2026-10-06","UserRepositoryUnitTests","TripSplit.DataAccess.Tests.Repositories","TripSplit.DataAccess.Tests.Repositories.UserRepositoryUnitTests","GetByEmailAsync_RowExists_ReturnsMappedUser"
"","1","GetByGoogleIdAsync_RowExists_ReturnsMappedUser","TripSplit.DataAccess.Tests","2026-10-06","passed","2026-10-06","UserRepositoryUnitTests","TripSplit.DataAccess.Tests.Repositories","TripSplit.DataAccess.Tests.Repositories.UserRepositoryUnitTests","GetByGoogleIdAsync_RowExists_ReturnsMappedUser"
"","3","AddAsync_Valid_ExecutesInsert","TripSplit.DataAccess.Tests","2026-10-06","passed","2026-10-06","ReceiptRepositoryUnitTests","TripSplit.DataAccess.Tests.Repositories","TripSplit.DataAccess.Tests.Repositories.ReceiptRepositoryUnitTests","AddAsync_Valid_ExecutesInsert"
"","19","DeleteAsync_EmptyId_ThrowsArgumentException","TripSplit.DataAccess.Tests","2026-10-06","passed","2026-10-06","TripRepositoryUnitTests","TripSplit.DataAccess.Tests.Repositories","TripSplit.DataAccess.Tests.Repositories.TripRepositoryUnitTests","DeleteAsync_EmptyId_ThrowsArgumentException"
"","4","GetPresignedUrlAsync_Valid_ReturnsUrlFromClient","TripSplit.DataAccess.Tests","2026-10-06","passed","2026-10-06","S3FileStorageServiceTests","TripSplit.DataAccess.Tests.Storage","TripSplit.DataAccess.Tests.Storage.S3FileStorageServiceTests","GetPresignedUrlAsync_Valid_ReturnsUrlFromClient"
"","11","Map_KnownStatus_SetsCorrectTripStatus","TripSplit.DataAccess.Tests","2026-10-06","passed","2026-10-06","TripMapperTests","TripSplit.DataAccess.Tests.Mapping","TripSplit.DataAccess.Tests.Mapping.TripMapperTests","Map_KnownStatus_SetsCorrectTripStatus"
"","2","GetByIdAsync_NoMatchingRow_ReturnsNull","TripSplit.DataAccess.Tests","2026-10-06","passed","2026-10-06","UserRepositoryUnitTests","TripSplit.DataAccess.Tests.Repositories","TripSplit.DataAccess.Tests.Repositories.UserRepositoryUnitTests","GetByIdAsync_NoMatchingRow_ReturnsNull"
"","4","GetByIdAsync_EmptyId_ThrowsArgumentExceptionWithoutOpeningConnection","TripSplit.DataAccess.Tests","2026-10-06","passed","2026-10-06","UserRepositoryUnitTests","TripSplit.DataAccess.Tests.Repositories","TripSplit.DataAccess.Tests.Repositories.UserRepositoryUnitTests","GetByIdAsync_EmptyId_ThrowsArgumentExceptionWithoutOpeningConnection"
"","9","GetByIdAsync_RowExists_ReturnsMappedReceipt","TripSplit.DataAccess.Tests","2026-10-06","passed","2026-10-06","ReceiptRepositoryUnitTests","TripSplit.DataAccess.Tests.Repositories","TripSplit.DataAccess.Tests.Repositories.ReceiptRepositoryUnitTests","GetByIdAsync_RowExists_ReturnsMappedReceipt"
"","2","UpdateAsync_Null_ThrowsArgumentNullException","TripSplit.DataAccess.Tests","2026-10-06","passed","2026-10-06","UserRepositoryUnitTests","TripSplit.DataAccess.Tests.Repositories","TripSplit.DataAccess.Tests.Repositories.UserRepositoryUnitTests","UpdateAsync_Null_ThrowsArgumentNullException"
"","61","Map_WithParticipantIds_AttachesThemAll","TripSplit.DataAccess.Tests","2026-10-06","passed","2026-10-06","TripMapperTests","TripSplit.DataAccess.Tests.Mapping","TripSplit.DataAccess.Tests.Mapping.TripMapperTests","Map_WithParticipantIds_AttachesThemAll"
"","2","GetByReceiptAsync_EmptyReceiptId_ThrowsArgumentException","TripSplit.DataAccess.Tests","2026-10-06","passed","2026-10-06","ReceiptImageRepositoryUnitTests","TripSplit.DataAccess.Tests.Repositories","TripSplit.DataAccess.Tests.Repositories.ReceiptImageRepositoryUnitTests","GetByReceiptAsync_EmptyReceiptId_ThrowsArgumentException"
"","3","DeleteAsync_RowAffected_CompletesSuccessfully","TripSplit.DataAccess.Tests","2026-10-06","passed","2026-10-06","ExpenseRepositoryUnitTests","TripSplit.DataAccess.Tests.Repositories","TripSplit.DataAccess.Tests.Repositories.ExpenseRepositoryUnitTests","DeleteAsync_RowAffected_CompletesSuccessfully"
"","4","GetAllAsync_NoTrips_ReturnsEmptyListWithoutLoadingParticipants","TripSplit.DataAccess.Tests","2026-10-06","passed","2026-10-06","TripRepositoryUnitTests","TripSplit.DataAccess.Tests.Repositories","TripSplit.DataAccess.Tests.Repositories.TripRepositoryUnitTests","GetAllAsync_NoTrips_ReturnsEmptyListWithoutLoadingParticipants"
"","6","Map_ValidRow_ReturnsReceiptImageWithAllFields","TripSplit.DataAccess.Tests","2026-10-06","passed","2026-10-06","ReceiptImageMapperTests","TripSplit.DataAccess.Tests.Mapping","TripSplit.DataAccess.Tests.Mapping.ReceiptImageMapperTests","Map_ValidRow_ReturnsReceiptImageWithAllFields"
"","3","AddAsync_Null_ThrowsArgumentNullException","TripSplit.DataAccess.Tests","2026-10-06","passed","2026-10-06","UserRepositoryUnitTests","TripSplit.DataAccess.Tests.Repositories","TripSplit.DataAccess.Tests.Repositories.UserRepositoryUnitTests","AddAsync_Null_ThrowsArgumentNullException"
"","6","UpdateAsync_RowAffected_ReplacesParticipantsAndCommits","TripSplit.DataAccess.Tests","2026-10-06","passed","2026-10-06","TripRepositoryUnitTests","TripSplit.DataAccess.Tests.Repositories","TripSplit.DataAccess.Tests.Repositories.TripRepositoryUnitTests","UpdateAsync_RowAffected_ReplacesParticipantsAndCommits"
"","8","GetByGoogleIdAsync_BlankGoogleId_ThrowsArgumentException","TripSplit.DataAccess.Tests","2026-10-06","passed","2026-10-06","UserRepositoryUnitTests","TripSplit.DataAccess.Tests.Repositories","TripSplit.DataAccess.Tests.Repositories.UserRepositoryUnitTests","GetByGoogleIdAsync_BlankGoogleId_ThrowsArgumentException"
"","2","UpdateAsync_Null_ThrowsArgumentNullException","TripSplit.DataAccess.Tests","2026-10-06","passed","2026-10-06","TripRepositoryUnitTests","TripSplit.DataAccess.Tests.Repositories","TripSplit.DataAccess.Tests.Repositories.TripRepositoryUnitTests","UpdateAsync_Null_ThrowsArgumentNullException"
"","2","ToDbType_EachEnumValue_RoundTripsThroughReadRow","TripSplit.DataAccess.Tests","2026-10-06","passed","2026-10-06","ExpenseMapperTests","TripSplit.DataAccess.Tests.Mapping","TripSplit.DataAccess.Tests.Mapping.ExpenseMapperTests","ToDbType_EachEnumValue_RoundTripsThroughReadRow"
"","1","Map_UnknownStatus_ThrowsInvalidOperationException","TripSplit.DataAccess.Tests","2026-10-06","passed","2026-10-06","TripMapperTests","TripSplit.DataAccess.Tests.Mapping","TripSplit.DataAccess.Tests.Mapping.TripMapperTests","Map_UnknownStatus_ThrowsInvalidOperationException"
"","23","GetByIdAsync_RowExists_ReturnsMappedTripWithNoParticipants","TripSplit.DataAccess.Tests","2026-10-06","passed","2026-10-06","TripRepositoryUnitTests","TripSplit.DataAccess.Tests.Repositories","TripSplit.DataAccess.Tests.Repositories.TripRepositoryUnitTests","GetByIdAsync_RowExists_ReturnsMappedTripWithNoParticipants"
"","178","DeleteAsync_S3Throws_WrapsIntoStorageException","TripSplit.DataAccess.Tests","2026-10-06","passed","2026-10-06","S3FileStorageServiceTests","TripSplit.DataAccess.Tests.Storage","TripSplit.DataAccess.Tests.Storage.S3FileStorageServiceTests","DeleteAsync_S3Throws_WrapsIntoStorageException"
"","5","DeleteAsync_EmptyId_ThrowsArgumentException","TripSplit.DataAccess.Tests","2026-10-06","passed","2026-10-06","ReceiptRepositoryUnitTests","TripSplit.DataAccess.Tests.Repositories","TripSplit.DataAccess.Tests.Repositories.ReceiptRepositoryUnitTests","DeleteAsync_EmptyId_ThrowsArgumentException"
"","14","Map_ValidRow_ReturnsUserWithAllFields","TripSplit.DataAccess.Tests","2026-10-06","passed","2026-10-06","UserMapperTests","TripSplit.DataAccess.Tests.Mapping","TripSplit.DataAccess.Tests.Mapping.UserMapperTests","Map_ValidRow_ReturnsUserWithAllFields"
"","4","DeleteAsync_RowAffected_CompletesSuccessfully","TripSplit.DataAccess.Tests","2026-10-06","passed","2026-10-06","ReceiptRepositoryUnitTests","TripSplit.DataAccess.Tests.Repositories","TripSplit.DataAccess.Tests.Repositories.ReceiptRepositoryUnitTests","DeleteAsync_RowAffected_CompletesSuccessfully"
"","4","GetByGoogleIdAsync_BlankGoogleId_ThrowsArgumentException","TripSplit.DataAccess.Tests","2026-10-06","passed","2026-10-06","UserRepositoryUnitTests","TripSplit.DataAccess.Tests.Repositories","TripSplit.DataAccess.Tests.Repositories.UserRepositoryUnitTests","GetByGoogleIdAsync_BlankGoogleId_ThrowsArgumentException"
"","5","Ctor_NullFactory_ThrowsArgumentNullException","TripSplit.DataAccess.Tests","2026-10-06","passed","2026-10-06","DatabaseInitializerTests","TripSplit.DataAccess.Tests.Infrastructure","TripSplit.DataAccess.Tests.Infrastructure.DatabaseInitializerTests","Ctor_NullFactory_ThrowsArgumentNullException"
"","1","ReadRow_NullReceiptId_MapsNull","TripSplit.DataAccess.Tests","2026-10-06","passed","2026-10-06","ExpenseMapperTests","TripSplit.DataAccess.Tests.Mapping","TripSplit.DataAccess.Tests.Mapping.ExpenseMapperTests","ReadRow_NullReceiptId_MapsNull"
"","15","GetByTripAsync_NoExpenses_ReturnsEmptyListWithoutLoadingConsumers","TripSplit.DataAccess.Tests","2026-10-06","passed","2026-10-06","ExpenseRepositoryUnitTests","TripSplit.DataAccess.Tests.Repositories","TripSplit.DataAccess.Tests.Repositories.ExpenseRepositoryUnitTests","GetByTripAsync_NoExpenses_ReturnsEmptyListWithoutLoadingConsumers"
"","3","GetByUserAsync_EmptyUserId_ThrowsArgumentException","TripSplit.DataAccess.Tests","2026-10-06","passed","2026-10-06","TripRepositoryUnitTests","TripSplit.DataAccess.Tests.Repositories","TripSplit.DataAccess.Tests.Repositories.TripRepositoryUnitTests","GetByUserAsync_EmptyUserId_ThrowsArgumentException"
"","5","ToDbType_UndefinedEnumValue_ThrowsArgumentOutOfRangeException","TripSplit.DataAccess.Tests","2026-10-06","passed","2026-10-06","ExpenseMapperTests","TripSplit.DataAccess.Tests.Mapping","TripSplit.DataAccess.Tests.Mapping.ExpenseMapperTests","ToDbType_UndefinedEnumValue_ThrowsArgumentOutOfRangeException"
"","2","DeleteAsync_NoRowAffected_ThrowsEntityNotFoundException","TripSplit.DataAccess.Tests","2026-10-06","passed","2026-10-06","ReceiptImageRepositoryUnitTests","TripSplit.DataAccess.Tests.Repositories","TripSplit.DataAccess.Tests.Repositories.ReceiptImageRepositoryUnitTests","DeleteAsync_NoRowAffected_ThrowsEntityNotFoundException"
"","20","GetByReceiptAsync_NoMatchingRow_ReturnsNull","TripSplit.DataAccess.Tests","2026-10-06","passed","2026-10-06","ReceiptImageRepositoryUnitTests","TripSplit.DataAccess.Tests.Repositories","TripSplit.DataAccess.Tests.Repositories.ReceiptImageRepositoryUnitTests","GetByReceiptAsync_NoMatchingRow_ReturnsNull"
"","12","InitializeAsync_ExecutesEmbeddedInitSql","TripSplit.DataAccess.Tests","2026-10-06","passed","2026-10-06","DatabaseInitializerTests","TripSplit.DataAccess.Tests.Infrastructure","TripSplit.DataAccess.Tests.Infrastructure.DatabaseInitializerTests","InitializeAsync_ExecutesEmbeddedInitSql"
"","1","Map_KnownStatus_SetsCorrectTripStatus","TripSplit.DataAccess.Tests","2026-10-06","passed","2026-10-06","TripMapperTests","TripSplit.DataAccess.Tests.Mapping","TripSplit.DataAccess.Tests.Mapping.TripMapperTests","Map_KnownStatus_SetsCorrectTripStatus"
"","2","ReadRow_UnknownTypeString_ThrowsInvalidOperationException","TripSplit.DataAccess.Tests","2026-10-06","passed","2026-10-06","ExpenseMapperTests","TripSplit.DataAccess.Tests.Mapping","TripSplit.DataAccess.Tests.Mapping.ExpenseMapperTests","ReadRow_UnknownTypeString_ThrowsInvalidOperationException"
"","147","DeleteAsync_EmptyId_ThrowsArgumentExceptionWithoutOpeningConnection","TripSplit.DataAccess.Tests","2026-10-06","passed","2026-10-06","UserRepositoryUnitTests","TripSplit.DataAccess.Tests.Repositories","TripSplit.DataAccess.Tests.Repositories.UserRepositoryUnitTests","DeleteAsync_EmptyId_ThrowsArgumentExceptionWithoutOpeningConnection"
"","4","AddAsync_Null_ThrowsArgumentNullException","TripSplit.DataAccess.Tests","2026-10-06","passed","2026-10-06","TripRepositoryUnitTests","TripSplit.DataAccess.Tests.Repositories","TripSplit.DataAccess.Tests.Repositories.TripRepositoryUnitTests","AddAsync_Null_ThrowsArgumentNullException"
"","4","GetByTripAsync_NoReceipts_ReturnsEmptyList","TripSplit.DataAccess.Tests","2026-10-06","passed","2026-10-06","ReceiptRepositoryUnitTests","TripSplit.DataAccess.Tests.Repositories","TripSplit.DataAccess.Tests.Repositories.ReceiptRepositoryUnitTests","GetByTripAsync_NoReceipts_ReturnsEmptyList"
"","2","DeleteAsync_RowAffected_CompletesSuccessfully","TripSplit.DataAccess.Tests","2026-10-06","passed","2026-10-06","TripRepositoryUnitTests","TripSplit.DataAccess.Tests.Repositories","TripSplit.DataAccess.Tests.Repositories.TripRepositoryUnitTests","DeleteAsync_RowAffected_CompletesSuccessfully"
"","5","DeleteAsync_EmptyId_ThrowsArgumentException","TripSplit.DataAccess.Tests","2026-10-06","passed","2026-10-06","ReceiptImageRepositoryUnitTests","TripSplit.DataAccess.Tests.Repositories","TripSplit.DataAccess.Tests.Repositories.ReceiptImageRepositoryUnitTests","DeleteAsync_EmptyId_ThrowsArgumentException"
"","12","DeleteAsync_NoRowAffected_ThrowsEntityNotFoundException","TripSplit.DataAccess.Tests","2026-10-06","passed","2026-10-06","ExpenseRepositoryUnitTests","TripSplit.DataAccess.Tests.Repositories","TripSplit.DataAccess.Tests.Repositories.ExpenseRepositoryUnitTests","DeleteAsync_NoRowAffected_ThrowsEntityNotFoundException"
"","144","GetByTripAsync_EmptyTripId_ThrowsArgumentException","TripSplit.DataAccess.Tests","2026-10-06","passed","2026-10-06","ReceiptRepositoryUnitTests","TripSplit.DataAccess.Tests.Repositories","TripSplit.DataAccess.Tests.Repositories.ReceiptRepositoryUnitTests","GetByTripAsync_EmptyTripId_ThrowsArgumentException"
"","0","ToDbType_EachEnumValue_RoundTripsThroughReadRow","TripSplit.DataAccess.Tests","2026-10-06","passed","2026-10-06","ExpenseMapperTests","TripSplit.DataAccess.Tests.Mapping","TripSplit.DataAccess.Tests.Mapping.ExpenseMapperTests","ToDbType_EachEnumValue_RoundTripsThroughReadRow"
"","1","ToDbStatus_UndefinedEnumValue_ThrowsArgumentOutOfRangeException","TripSplit.DataAccess.Tests","2026-10-06","passed","2026-10-06","TripMapperTests","TripSplit.DataAccess.Tests.Mapping","TripSplit.DataAccess.Tests.Mapping.TripMapperTests","ToDbStatus_UndefinedEnumValue_ThrowsArgumentOutOfRangeException"
"","0","ToDbType_EachEnumValue_RoundTripsThroughReadRow","TripSplit.DataAccess.Tests","2026-10-06","passed","2026-10-06","ExpenseMapperTests","TripSplit.DataAccess.Tests.Mapping","TripSplit.DataAccess.Tests.Mapping.ExpenseMapperTests","ToDbType_EachEnumValue_RoundTripsThroughReadRow"
"","15","GetByReceiptAsync_RowExists_ReturnsMappedImage","TripSplit.DataAccess.Tests","2026-10-06","passed","2026-10-06","ReceiptImageRepositoryUnitTests","TripSplit.DataAccess.Tests.Repositories","TripSplit.DataAccess.Tests.Repositories.ReceiptImageRepositoryUnitTests","GetByReceiptAsync_RowExists_ReturnsMappedImage"
"","2","GetByIdAsync_EmptyId_ThrowsArgumentException","TripSplit.DataAccess.Tests","2026-10-06","passed","2026-10-06","ReceiptRepositoryUnitTests","TripSplit.DataAccess.Tests.Repositories","TripSplit.DataAccess.Tests.Repositories.ReceiptRepositoryUnitTests","GetByIdAsync_EmptyId_ThrowsArgumentException"
"","120","Map_MinValueDate_IsPreservedExactly","TripSplit.DataAccess.Tests","2026-10-06","passed","2026-10-06","ReceiptMapperTests","TripSplit.DataAccess.Tests.Mapping","TripSplit.DataAccess.Tests.Mapping.ReceiptMapperTests","Map_MinValueDate_IsPreservedExactly"
"","2","UpdateAsync_NoRowAffected_ThrowsEntityNotFoundException","TripSplit.DataAccess.Tests","2026-10-06","passed","2026-10-06","UserRepositoryUnitTests","TripSplit.DataAccess.Tests.Repositories","TripSplit.DataAccess.Tests.Repositories.UserRepositoryUnitTests","UpdateAsync_NoRowAffected_ThrowsEntityNotFoundException"
"","3","DeleteAsync_NoRowAffected_ThrowsEntityNotFoundException","TripSplit.DataAccess.Tests","2026-10-06","passed","2026-10-06","UserRepositoryUnitTests","TripSplit.DataAccess.Tests.Repositories","TripSplit.DataAccess.Tests.Repositories.UserRepositoryUnitTests","DeleteAsync_NoRowAffected_ThrowsEntityNotFoundException"
"","3","UpdateAsync_NoRowAffected_ThrowsEntityNotFoundException","TripSplit.DataAccess.Tests","2026-10-06","passed","2026-10-06","ExpenseRepositoryUnitTests","TripSplit.DataAccess.Tests.Repositories","TripSplit.DataAccess.Tests.Repositories.ExpenseRepositoryUnitTests","UpdateAsync_NoRowAffected_ThrowsEntityNotFoundException"
"","14","GetByIdAsync_EmptyId_ThrowsArgumentException","TripSplit.DataAccess.Tests","2026-10-06","passed","2026-10-06","ExpenseRepositoryUnitTests","TripSplit.DataAccess.Tests.Repositories","TripSplit.DataAccess.Tests.Repositories.ExpenseRepositoryUnitTests","GetByIdAsync_EmptyId_ThrowsArgumentException"
"","111","ToDbType_EachEnumValue_RoundTripsThroughReadRow","TripSplit.DataAccess.Tests","2026-10-06","passed","2026-10-06","ExpenseMapperTests","TripSplit.DataAccess.Tests.Mapping","TripSplit.DataAccess.Tests.Mapping.ExpenseMapperTests","ToDbType_EachEnumValue_RoundTripsThroughReadRow"
